t_hyp, T1, T2, E_max, P1/2, baseline, A1, A2, b1, b2, C, D, x1, x2
480.027685, 466.320273, 220.453926, -138.717267, 6.681960, 21.855150, 420.751680, 461.556088, 0.104462, 0.084732, 10.000000, 10.000000, 2.306093, 4.560543
470.785718, 461.807859, 218.068056, -140.095887, 6.528206, 0.000000, 410.184095, 440.474780, 0.101411, 0.069603, -4.170681, 5.284531, 2.304412, 4.556284
489.269652, 470.832688, 222.839797, -137.338647, 6.835714, 0.000000, 431.319266, 482.637396, 0.107513, 0.099861, 24.170680, 14.715468, 2.307774, 4.564802
9.241967, 4.512414, 2.385871, 1.378620, 0.153754, 0.000000, 10.567586, 21.081308, 0.003051, 0.015129, 14.170681, 4.715468, 0.001681, 0.004259
1.925299, 0.967664, 1.082254, 0.993834, 2.301033, 0.000000, 2.511597, 4.567442, 2.920300, 17.855465, 141.706806, 47.154685, 0.072901, 0.093386
