	values	ubound	lbound	dev	perc
1.0	14.646266	0.0	0.0	0.0	0.0
2.0	14.45611	0.0	0.0	0.0	0.0
4.0	11.411681	0.0	0.0	0.0	0.0
8.0	9.150171	0.0	0.0	0.0	0.0
