	values	ubound	lbound	dev	perc
1.0	979.376811	968.764413	989.98921	10.612399	1.083587
2.0	645.269214	637.898121	652.640307	7.371093	1.142328
4.0	382.094295	374.392336	389.796253	7.701959	2.015722
8.0	209.603893	202.918986	216.288799	6.684906	3.189305
