	values	ubound	lbound	dev	perc
0.25	0.070475	0.027087	0.113863	0.043388	61.565213
0.5	0.107881	0.082729	0.133032	0.025152	23.314398
1.0	0.083882	0.058273	0.109492	0.025609	30.530376
2.0	0.095104	0.080501	0.109706	0.014603	15.354344
4.0	0.121368	0.108829	0.133907	0.012539	10.331111
6.0	0.135981	0.121889	0.150072	0.014091	10.362741
8.0	0.147891	0.130512	0.16527	0.017379	11.751292
16.0	0.204251	0.126195	0.282307	0.078056	38.215655
