	values	ubound	lbound	dev	perc
0.25	-29.976364	-30.822236	-29.130491	0.845872	2.821798
0.5	-49.088087	-50.32788	-47.848295	1.239793	2.525648
1.0	-86.966568	-88.590887	-85.34225	1.624318	1.86775
2.0	-119.640303	-121.179898	-118.100708	1.539595	1.286853
4.0	-211.212229	-213.808136	-208.616321	2.595907	1.229052
6.0	-139.466169	-141.713998	-137.218341	2.247828	1.611737
8.0	-122.769755	-125.330017	-120.209492	2.560262	2.085418
16.0	-75.872353	-82.32479	-69.419916	6.452437	8.504333
