	values	ubound	lbound	dev	perc
0.25	0.1004	0.094235	0.106564	0.006164	6.139864
0.5	0.098652	0.094074	0.103231	0.004578	4.640677
1.0	0.104041	0.099341	0.10874	0.0047	4.517072
2.0	0.108794	0.10505	0.112539	0.003744	3.441648
4.0	0.120475	0.116082	0.124868	0.004393	3.646366
6.0	0.130924	0.124724	0.137124	0.0062	4.735469
8.0	0.152482	0.145025	0.159938	0.007457	4.890096
16.0	0.233508	0.203753	0.263264	0.029756	12.742835
