	values	ubound	lbound	dev	perc
0.25	98.497211	83.683608	113.310814	14.813603	15.039617
0.5	147.026018	69.792693	224.259343	77.233325	52.53038
1.0	169.804068	155.029905	184.578231	14.774163	8.700712
2.0	260.943033	244.045291	277.840775	16.897742	6.475644
4.0	285.754215	262.385793	309.122638	23.368423	8.177805
6.0	231.244275	208.051573	254.436977	23.192702	10.029525
8.0	239.469761	216.497267	262.442255	22.972494	9.593067
16.0	159.81202	115.277363	204.346676	44.534657	27.866901
