	values	ubound	lbound	dev	perc
1.0	13.220927	0.0	0.0	0.0	0.0
2.0	11.910829	0.0	0.0	0.0	0.0
4.0	7.861087	0.0	0.0	0.0	0.0
8.0	7.21873	0.0	0.0	0.0	0.0
