	values	ubound	lbound	dev	perc
1.0	1.728363	1.727272	1.729455	0.001091	0.063135
2.0	1.730011	1.729186	1.730836	0.000825	0.047683
4.0	1.731212	1.730189	1.732235	0.001023	0.059081
8.0	1.742606	1.740544	1.744668	0.002062	0.11832
