	values	ubound	lbound	dev	perc
1.0	5.515756	5.415283	5.616228	0.100472	1.821554
2.0	7.199173	7.073073	7.325272	0.126099	1.751581
4.0	11.956072	11.748355	12.163789	0.207717	1.737338
8.0	23.011377	22.380076	23.642679	0.631301	2.743431
