	values	ubound	lbound	dev	perc
1.0	11.729306	8.284263	15.17435	3.445044	29.371248
2.0	13.78506	10.398938	17.171182	3.386122	24.563709
4.0	8.706491	5.114562	12.29842	3.591929	41.255759
8.0	8.693182	4.384286	13.002079	4.308896	49.566385
