	values	ubound	lbound	dev	perc
0.25	0.105573	0.066142	0.145003	0.039431	37.349381
0.5	0.045224	-0.00503	0.095477	0.050253	111.121629
1.0	0.090743	0.062494	0.118993	0.028249	31.130767
2.0	0.090662	0.070174	0.11115	0.020488	22.598431
4.0	0.129902	0.111457	0.148348	0.018445	14.199305
6.0	0.15117	0.1286	0.173739	0.02257	14.930119
8.0	0.185862	0.162343	0.209381	0.023519	12.65402
16.0	0.276423	0.184956	0.36789	0.091467	33.08956
