	values	ubound	lbound	dev	perc
0.25	9.751224	6.82041	12.682038	2.930814	30.05586
0.5	7.916945	4.918591	10.915299	2.998354	37.872614
1.0	6.847748	3.282843	10.412653	3.564905	52.059527
2.0	6.254885	2.305805	10.203965	3.94908	63.135939
4.0	11.179938	7.220649	15.139228	3.95929	35.414234
6.0	7.943208	4.32029	11.566126	3.622918	45.610268
8.0	3.284955	-0.67577	7.245679	3.960724	120.571654
16.0	3.830664	-1.687878	9.349205	5.518541	144.062277
