	values	ubound	lbound	dev	perc
0.25	113.700952	107.641194	119.76071	6.059758	5.329558
0.5	152.717644	146.60182	158.833468	6.115824	4.004661
1.0	191.90806	184.332286	199.483834	7.575774	3.947606
2.0	297.295658	288.270856	306.320459	9.024801	3.035632
4.0	294.07742	284.283506	303.871335	9.793914	3.330386
6.0	219.19858	209.528614	228.868546	9.669966	4.411509
8.0	220.949895	209.34958	232.550209	11.600315	5.250202
16.0	148.167689	126.757472	169.577907	21.410218	14.449991
