	values	ubound	lbound	dev	perc
1.0	-97.80572555555555	-88.614475	-87.435831	0.589322	0.669492
2.0	-157.52374333333333	-142.78854	-140.754197	1.017172	0.717473
4.0	-263.82289333333335	-239.510398	-235.370809	2.069795	0.87171
8.0	-241.9770488888889	-221.561049	-213.997639	3.781705	1.736485
