	values	ubound	lbound	dev	perc
0.25	5.013627	5.0048	5.022455	0.008828	0.176073
0.5	4.998549	4.987105	5.009993	0.011444	0.228949
1.0	5.013338	5.007321	5.019354	0.006017	0.120011
2.0	4.993458	4.985815	5.001101	0.007643	0.153062
4.0	4.983338	4.975017	4.991659	0.008321	0.16698
6.0	4.967325	4.955936	4.978715	0.011389	0.229284
8.0	4.970986	4.958731	4.98324	0.012254	0.246517
16.0	4.939592	4.902823	4.976361	0.036769	0.74437
