	values	ubound	lbound	dev	perc
0.25	699.417148	676.331149	722.503147	23.085999	3.300748
0.5	587.514504	575.848642	599.180366	11.665862	1.98563
1.0	441.559033	433.324912	449.793155	8.234121	1.864784
2.0	295.518221	291.839354	299.197087	3.678866	1.244886
4.0	171.252785	167.462326	175.043245	3.790459	2.213371
6.0	108.724652	104.268362	113.180942	4.45629	4.098693
8.0	87.418181	82.509877	92.326485	4.908304	5.614741
16.0	34.418197	28.847135	39.989258	5.571061	16.186384
