	values	ubound	lbound	dev	perc
1.0	4.567118	4.559563	4.574673	0.007555	0.165417
2.0	4.541144	4.533913	4.548376	0.007232	0.159248
5.85	4.519382	4.511555	4.527209	0.007827	0.173188
