	values	ubound	lbound	dev	perc
1.0	938.102099	915.924367	960.279832	22.177733	2.364106
2.0	632.119378	623.393912	640.844844	8.725466	1.380351
4.0	357.203715	349.311736	365.095695	7.891979	2.209378
8.0	196.406792	188.366287	204.447297	8.040505	4.093802
