	values	ubound	lbound	dev	perc
0.25	111.985471	101.187723	122.783218	10.797747	9.642097
0.5	147.08643	128.506274	165.666587	18.580157	12.632135
1.0	208.479393	192.791382	224.167404	15.688011	7.52497
2.0	306.68636	284.179591	329.193129	22.506769	7.338693
4.0	329.934369	304.206064	355.662674	25.728305	7.798007
6.0	256.344001	231.671434	281.016569	24.672567	9.624788
8.0	228.659921	205.166647	252.153196	23.493275	10.27433
16.0	157.743024	106.291752	209.194296	51.451272	32.617146
